"","X","baseMean","log2FoldChange","lfcSE","stat","pvalue","padj"
"1","ENST00000448629.8",72.4835252476735,-9.5963531906161,1.50476244009082,-6.37732105410398,1.80212422580777e-10,8.54206883032883e-08
"2","ENST00000623070.5",56.1558074069075,9.27936817292157,1.50104725207218,6.18192942301549,6.33228368380418e-10,1.50075123306159e-07
"3","ENST00000444362.3",49.1326527774254,9.08644439537801,1.53033214711965,5.93756356257711,2.89288902800791e-09,4.5707646642525e-07
"4","ENST00000616125.5",36.9887251871867,-8.62595297646526,1.72159945067018,-5.01042967521124,5.43086419323927e-07,6.43557406898853e-05
"5","ENST00000341290.6",25.3277859329388,-8.07939118035924,1.72031681369806,-4.69645539474295,2.64715009133834e-06,0.000250949828658875
"6","ENST00000642074.1",23.5209212406507,8.02477842876641,1.73366685575409,4.62878920602996,3.67809928332202e-06,0.000288769588665678
"7","ENST00000701598.1",32.8170557464606,-2.45068631591931,0.532983228488992,-4.59805521998695,4.2645297904214e-06,0.000288769588665678
"8","ENST00000432964.1",28.2026896389629,8.28684439488643,1.95812625846501,4.23202761265382,2.31593967294424e-05,0.00137219425621946
"9","ENST00000526332.5",39.1502178095438,-1.32478371238554,0.415580778217127,-3.18778870877755,0.00143365255558025,0.0755057012605599
